mean_radius,mean_texture,mean_perimeter,mean_area,mean_smoothness
13.4,20.52,88.64,556.7,0.1106
13.21,25.25,84.1,537.9,0.08791
14.02,15.66,89.59,606.5,0.07966
14.26,18.17,91.22,633.1,0.06576
13.03,18.42,82.61,523.8,0.08983
11.34,18.61,72.76,391.2,0.1049
12.05,22.72,78.75,447.8,0.06935
11.7,19.11,74.33,418.7,0.08814
7.729,25.49,47.98,178.8,0.08098
10.26,14.71,66.2,321.6,0.09882
